depth,gr,PHIT,CALI,AC,RT
3000.0,45,0.16,8.5,220,15.2
3000.5,42,0.17,8.6,218,16.1
3001.0,48,0.15,8.4,222,14.5
3001.5,55,0.13,8.3,225,12.8
3002.0,62,0.11,8.2,228,10.2
3002.5,70,0.09,8.1,232,8.5
3003.0,82,0.07,8.0,238,5.2
3003.5,95,0.06,7.9,245,3.1
3004.0,105,0.05,7.8,252,1.5
3004.5,115,0.04,7.7,260,0.8
3005.0,52,0.18,8.5,215,18.5
3005.5,49,0.19,8.5,213,19.2
3006.0,46,0.20,8.6,210,20.5
3006.5,38,0.19,8.6,208,22.1
3007.0,35,0.18,8.7,205,24.0
