GR,DEN,CNL,Porosity,Permeability
45,2.60,0.18,16,120
42,2.61,0.17,17,130
48,2.59,0.19,15,110
55,2.58,0.20,13,80
62,2.57,0.22,11,40
70,2.56,0.24,9,15
82,2.55,0.26,7,5
95,2.53,0.28,6,3
105,2.51,0.30,5,1
115,2.50,0.31,4,0.5
